dataset,model,MAE,RMSE,MSE,MAPE,F1,TZR,TP,FP,FN,TN,protocol,data_version,seed,source
dc_od_60min_bike,od/odmixer,0.09449039399623871,0.4802553057670593,0.23064514994621277,69.39281463623047,0.131653300607894,0.2734059800801633,96873,1266954,10938,476735,legacy,2025_12to1,2026,results/od_baselines_od_odmixer_dc_od_60min_bike_s2026/20260930T001619.660681Z-1618556-0
dc_od_60min_bike,od/pdr_hurdle,0.09098938852548599,0.48120227456092834,0.23155564069747925,68.56826782226562,0.6586493388937381,0.9904426764176408,61122,16665,46689,1727024,legacy,2025_12to1,2026,results/od_pdr_hurdle_od_pdr_hurdle_dc_od_60min_bike_s2026/20260930T050523.233099Z-1678209-0
chicago_od_15min_bike,od/odmixer,0.005618681665509939,0.10154766589403152,0.010311928577721119,78.59465789794922,0.0157807810717253,0.5832061682704957,69225,8622497,12383,12065182,legacy,2025_12to1,2026,results/od_baselines_od_odmixer_chicago_od_15min_bike_s2026/20260930T003443.434629Z-1638068-0
chicago_od_15min_bike,od/pdr_hurdle,0.005324699450284243,0.10090333968400955,0.010181483812630177,75.12308502197266,0.5420119079080324,0.9994112437649482,34866,12180,46742,20675499,legacy,2025_12to1,2026,results/od_pdr_hurdle_od_pdr_hurdle_chicago_od_15min_bike_s2026/20260930T052016.045028Z-1691878-0
chicago_od_15min_taxi,od/odmixer,0.018116628751158714,0.19389814138412476,0.03759649023413658,80.7656478881836,0.0221433003185821,0.0020563967903397,232052,20490293,4719,42223,legacy,2025_12to1,2026,results/od_baselines_od_odmixer_chicago_od_15min_taxi_s2026/20260930T003406.714723Z-1636973-0
chicago_od_15min_taxi,od/pdr_hurdle,0.015583518892526627,0.18724794685840607,0.0350617915391922,78.65193176269531,0.4879332372211868,0.9989655919420688,83258,21239,153513,20511277,legacy,2025_12to1,2026,results/od_pdr_hurdle_od_pdr_hurdle_chicago_od_15min_taxi_s2026/20260930T050814.503881Z-1681028-0
chicago_od_15min_tnp,od/odmixer,0.17513759434223175,0.708218514919281,0.5015734434127808,73.53607177734375,0.2222129815423645,0.1904063275840336,2161581,14778973,352903,3475830,legacy,2025_12to1,2026,results/od_baselines_od_odmixer_chicago_od_15min_tnp_s2026/20260930T002030.897712Z-1623018-0
chicago_od_15min_tnp,od/pdr_hurdle,0.1724267601966858,0.7109599113464355,0.5054639577865601,71.30997467041016,0.5636435227325669,0.9806760445456464,1125139,352755,1389345,17902048,legacy,2025_12to1,2026,results/od_pdr_hurdle_od_pdr_hurdle_chicago_od_15min_tnp_s2026/20260930T050523.243826Z-1678210-0
nyc_manhattan_od_15min_fhv,od/odmixer,0.2675974369049072,0.6665422320365906,0.4442785680294037,67.53819274902344,0.4486616561410534,0.4675666232680384,3034133,7044946,412049,6186655,legacy,2025_12to1,2026,results/od_baselines_od_odmixer_nyc_manhattan_od_15min_fhv_s2026/20260930T001631.937981Z-1618716-0
nyc_manhattan_od_15min_fhv,od/pdr_hurdle,0.2649870216846466,0.6702005863189697,0.449168860912323,67.12655639648438,0.5983402847392656,0.94961259790104,1755709,666706,1690473,12564895,legacy,2025_12to1,2026,results/od_pdr_hurdle_od_pdr_hurdle_nyc_manhattan_od_15min_fhv_s2026/20260930T050814.509839Z-1680997-0
nyc_manhattan_od_15min_taxi,od/odmixer,0.18057219684123993,0.5446050763130188,0.29659467935562134,72.00904846191406,0.5224639988254682,0.8520285157427034,1572910,2123905,751398,12229570,legacy,2025_12to1,2026,results/od_baselines_od_odmixer_nyc_manhattan_od_15min_taxi_s2026/20260930T001918.880135Z-1621608-0
nyc_manhattan_od_15min_taxi,od/pdr_hurdle,0.17785781621932983,0.545816957950592,0.29791614413261414,71.26368713378906,0.5516434679416895,0.9718900126972736,1038946,403476,1285362,13949999,legacy,2025_12to1,2026,results/od_pdr_hurdle_od_pdr_hurdle_nyc_manhattan_od_15min_taxi_s2026/20260930T050523.247771Z-1678208-0
