dataset,model,role,MAE,RMSE,MSE,MAPE,F1,TZR,classification_status,source
chicago_od_15min_bike,od/agcrn,baseline,0.01464702095836401,0.18290294706821442,0.03345349058508873,99.7679443359375,,,not_replayed,results/od_baselines_od_agcrn_chicago_od_15min_bike_s2026/20260929T231044.356282Z-1507065-0
chicago_od_15min_taxi,od/agcrn,baseline,0.033678505569696426,0.5138867497444153,0.26407960057258606,99.90147399902344,,,not_replayed,results/od_baselines_od_agcrn_chicago_od_15min_taxi_s2026/20260929T230756.573173Z-1505050-0
chicago_od_15min_tnp,od/agcrn,baseline,0.1933000236749649,0.7755246758460999,0.6014385223388672,78.71038055419922,,,not_replayed,results/od_baselines_od_agcrn_chicago_od_15min_tnp_s2026/20260929T225921.141830Z-1494729-0
dc_od_60min_bike,od/agcrn,baseline,0.10871928185224533,0.5150601267814636,0.265286922454834,69.49880981445312,,,not_replayed,results/od_baselines_od_agcrn_dc_od_60min_bike_s2026/20260929T225426.869308Z-1487531-0
nyc_manhattan_od_15min_fhv,od/agcrn,baseline,0.2906029224395752,0.7184203267097473,0.5161277651786804,72.450927734375,,,not_replayed,results/od_baselines_od_agcrn_nyc_manhattan_od_15min_fhv_s2026/20260929T225553.130035Z-1488948-0
nyc_manhattan_od_15min_taxi,od/agcrn,baseline,0.1924840211868286,0.5672889947891235,0.3218167722225189,76.23391723632812,,,not_replayed,results/od_baselines_od_agcrn_nyc_manhattan_od_15min_taxi_s2026/20260929T225553.135132Z-1489006-0
chicago_od_15min_bike,od/astgcn,baseline,0.014172921888530254,0.1134941354393959,0.012880918569862843,77.5750732421875,,,not_replayed,results/od_baselines_od_astgcn_chicago_od_15min_bike_s2026/20260929T232430.024390Z-1518087-0
chicago_od_15min_taxi,od/astgcn,baseline,0.02242783084511757,0.20559179782867432,0.04226798564195633,82.61314392089844,,,not_replayed,results/od_baselines_od_astgcn_chicago_od_15min_taxi_s2026/20260929T232411.844552Z-1517446-0
chicago_od_15min_tnp,od/astgcn,baseline,0.19467200338840485,0.7684211730957031,0.590471088886261,76.38107299804688,,,not_replayed,results/od_baselines_od_astgcn_chicago_od_15min_tnp_s2026/20260929T232409.147220Z-1517412-0
dc_od_60min_bike,od/astgcn,baseline,0.1113472580909729,0.5182287096977234,0.2685609757900238,69.06153869628906,,,not_replayed,results/od_baselines_od_astgcn_dc_od_60min_bike_s2026/20260929T231416.686041Z-1509932-0
nyc_manhattan_od_15min_fhv,od/astgcn,baseline,0.2896074950695038,0.6982763409614563,0.48758986592292786,72.19588470458984,,,not_replayed,results/od_baselines_od_astgcn_nyc_manhattan_od_15min_fhv_s2026/20260929T231748.685017Z-1512817-0
nyc_manhattan_od_15min_taxi,od/astgcn,baseline,0.1955166906118393,0.5680631399154663,0.3226957321166992,76.4568099975586,,,not_replayed,results/od_baselines_od_astgcn_nyc_manhattan_od_15min_taxi_s2026/20260929T231915.940063Z-1513797-0
chicago_od_15min_bike,od/gwnet,baseline,0.0065686749294400215,0.1097891554236412,0.0120536582544446,79.17024230957031,,,not_replayed,results/od_baselines_od_gwnet_chicago_od_15min_bike_s2026/20260929T234029.832501Z-1569457-0
chicago_od_15min_taxi,od/gwnet,baseline,0.017364349216222763,0.20519350469112396,0.04210437461733818,82.34973907470703,,,not_replayed,results/od_baselines_od_gwnet_chicago_od_15min_taxi_s2026/20260929T234000.235556Z-1568640-0
chicago_od_15min_tnp,od/gwnet,baseline,0.1819695681333542,0.7546186447143555,0.5694493055343628,76.42056274414062,,,not_replayed,results/od_baselines_od_gwnet_chicago_od_15min_tnp_s2026/20260929T233749.736105Z-1566322-0
dc_od_60min_bike,od/gwnet,baseline,0.09687121957540512,0.49413684010505676,0.24417121708393097,70.09249877929688,,,not_replayed,results/od_baselines_od_gwnet_dc_od_60min_bike_s2026/20260929T233550.479368Z-1564299-0
nyc_manhattan_od_15min_fhv,od/gwnet,baseline,0.27828457951545715,0.6818342208862305,0.46489793062210083,71.17041015625,,,not_replayed,results/od_baselines_od_gwnet_nyc_manhattan_od_15min_fhv_s2026/20260929T233637.449690Z-1565179-0
nyc_manhattan_od_15min_taxi,od/gwnet,baseline,0.18649767339229584,0.5546271204948425,0.30761125683784485,75.03170013427734,,,not_replayed,results/od_baselines_od_gwnet_nyc_manhattan_od_15min_taxi_s2026/20260929T233700.085083Z-1565624-0
chicago_od_15min_bike,od/hl,baseline,0.006846228614449501,0.10938632488250732,0.011965368874371052,73.20992279052734,,,not_replayed,results/od_baselines_od_hl_chicago_od_15min_bike_s2026/20260929T225317.247976Z-1486327-0
chicago_od_15min_taxi,od/hl,baseline,0.020660972222685814,0.21187135577201843,0.04488947242498398,74.86527252197266,,,not_replayed,results/od_baselines_od_hl_chicago_od_15min_taxi_s2026/20260929T225310.830960Z-1486102-0
chicago_od_15min_tnp,od/hl,baseline,0.21837560832500458,0.8255690336227417,0.681564211845398,67.94576263427734,,,not_replayed,results/od_baselines_od_hl_chicago_od_15min_tnp_s2026/20260929T225139.924816Z-1484822-0
dc_od_60min_bike,od/hl,baseline,0.12327486276626587,0.6461185216903687,0.4174691140651703,72.66121673583984,,,not_replayed,results/od_baselines_od_hl_dc_od_60min_bike_s2026/20260929T225112.693469Z-1484027-0
nyc_manhattan_od_15min_fhv,od/hl,baseline,0.3171294629573822,0.7066736817359924,0.4993877112865448,65.2437973022461,,,not_replayed,results/od_baselines_od_hl_nyc_manhattan_od_15min_fhv_s2026/20260929T225112.699302Z-1484028-0
nyc_manhattan_od_15min_taxi,od/hl,baseline,0.21750842034816742,0.5848202109336853,0.34201470017433167,68.77940368652344,,,not_replayed,results/od_baselines_od_hl_nyc_manhattan_od_15min_taxi_s2026/20260929T225112.684078Z-1484029-0
chicago_od_15min_bike,od/od_ced,baseline,0.9948354363441467,1.0120843648910522,1.0243147611618042,176.4571533203125,,,not_replayed,results/od_baselines_od_od_ced_chicago_od_15min_bike_s2026/20260930T010853.556361Z-1682033-0
chicago_od_15min_taxi,od/od_ced,baseline,0.13950827717781067,0.28069421648979187,0.07878924906253815,68.60601043701172,,,not_replayed,results/od_baselines_od_od_ced_chicago_od_15min_taxi_s2026/20260930T010844.802451Z-1681447-0
chicago_od_15min_tnp,od/od_ced,baseline,1.3461556434631348,3.1165904998779297,9.713136672973633,175.78041076660156,,,not_replayed,results/od_baselines_od_od_ced_chicago_od_15min_tnp_s2026/20260930T010607.314476Z-1679266-0
dc_od_60min_bike,od/od_ced,baseline,1.0711778402328491,1.4662152528762817,2.149787187576294,138.9567108154297,,,not_replayed,results/od_baselines_od_od_ced_dc_od_60min_bike_s2026/20260930T010117.153201Z-1673621-0
nyc_manhattan_od_15min_fhv,od/od_ced,baseline,0.5094382166862488,0.782993495464325,0.613078773021698,54.9204216003418,,,not_replayed,results/od_baselines_od_od_ced_nyc_manhattan_od_15min_fhv_s2026/20260930T010158.895256Z-1674541-0
nyc_manhattan_od_15min_taxi,od/od_ced,baseline,1.2381430864334106,1.4839043617248535,2.201972246170044,178.9407196044922,,,not_replayed,results/od_baselines_od_od_ced_nyc_manhattan_od_15min_taxi_s2026/20260930T010554.015710Z-1678996-0
chicago_od_15min_bike,od/odmixer,baseline,0.005618681665509939,0.10154766589403152,0.010311928577721119,78.59465789794922,0.0157807810717253,0.5832061682704957,full_test_replayed,results/od_baselines_od_odmixer_chicago_od_15min_bike_s2026/20260930T003443.434629Z-1638068-0
chicago_od_15min_taxi,od/odmixer,baseline,0.018116628751158714,0.19389814138412476,0.03759649023413658,80.7656478881836,0.0221433003185821,0.0020563967903397,full_test_replayed,results/od_baselines_od_odmixer_chicago_od_15min_taxi_s2026/20260930T003406.714723Z-1636973-0
chicago_od_15min_tnp,od/odmixer,baseline,0.17513759434223175,0.708218514919281,0.5015734434127808,73.53607177734375,0.2222129815423645,0.1904063275840336,full_test_replayed,results/od_baselines_od_odmixer_chicago_od_15min_tnp_s2026/20260930T002030.897712Z-1623018-0
dc_od_60min_bike,od/odmixer,baseline,0.09449039399623871,0.4802553057670593,0.23064514994621277,69.39281463623047,0.131653300607894,0.2734059800801633,full_test_replayed,results/od_baselines_od_odmixer_dc_od_60min_bike_s2026/20260930T001619.660681Z-1618556-0
nyc_manhattan_od_15min_fhv,od/odmixer,baseline,0.2675974369049072,0.6665422320365906,0.4442785680294037,67.53819274902344,0.4486616561410534,0.4675666232680384,full_test_replayed,results/od_baselines_od_odmixer_nyc_manhattan_od_15min_fhv_s2026/20260930T001631.937981Z-1618716-0
nyc_manhattan_od_15min_taxi,od/odmixer,baseline,0.18057219684123993,0.5446050763130188,0.29659467935562134,72.00904846191406,0.5224639988254682,0.8520285157427034,full_test_replayed,results/od_baselines_od_odmixer_nyc_manhattan_od_15min_taxi_s2026/20260930T001918.880135Z-1621608-0
chicago_od_15min_bike,od/stgcn,baseline,0.008026883006095886,0.18294422328472137,0.033468589186668396,99.99037170410156,,,not_replayed,results/od_baselines_od_stgcn_chicago_od_15min_bike_s2026/20260929T235011.366545Z-1593398-0
chicago_od_15min_taxi,od/stgcn,baseline,0.02827286347746849,0.5141258239746094,0.264325350522995,100.00399017333984,,,not_replayed,results/od_baselines_od_stgcn_chicago_od_15min_taxi_s2026/20260929T234957.943323Z-1593126-0
chicago_od_15min_tnp,od/stgcn,baseline,0.19013431668281555,0.8534976840019226,0.7284582853317261,78.2762222290039,,,not_replayed,results/od_baselines_od_stgcn_chicago_od_15min_tnp_s2026/20260929T234610.530713Z-1588808-0
dc_od_60min_bike,od/stgcn,baseline,0.10386792570352554,0.5490952730178833,0.30150559544563293,74.40888977050781,,,not_replayed,results/od_baselines_od_stgcn_dc_od_60min_bike_s2026/20260929T234435.516032Z-1574415-0
nyc_manhattan_od_15min_fhv,od/stgcn,baseline,0.29669189453125,0.7802444696426392,0.6087813973426819,75.14204406738281,,,not_replayed,results/od_baselines_od_stgcn_nyc_manhattan_od_15min_fhv_s2026/20260929T234516.719150Z-1587319-0
nyc_manhattan_od_15min_taxi,od/stgcn,baseline,0.22989970445632935,0.7577614784240723,0.5742024183273315,89.63910675048828,,,not_replayed,results/od_baselines_od_stgcn_nyc_manhattan_od_15min_taxi_s2026/20260929T234532.904159Z-1587688-0
chicago_od_15min_bike,od/stgode,baseline,0.008258749730885029,0.18296127021312714,0.03347482904791832,99.99829864501953,,,not_replayed,results/od_baselines_od_stgode_chicago_od_15min_bike_s2026/20260930T000323.089184Z-1606569-0
chicago_od_15min_taxi,od/stgode,baseline,0.0282541885972023,0.5141120553016663,0.26431119441986084,99.99468231201172,,,not_replayed,results/od_baselines_od_stgode_chicago_od_15min_taxi_s2026/20260930T000222.643315Z-1605127-0
chicago_od_15min_tnp,od/stgode,baseline,0.3465215265750885,2.832084894180298,8.020705223083496,99.99029541015625,,,not_replayed,results/od_baselines_od_stgode_chicago_od_15min_tnp_s2026/20260929T235602.942114Z-1598967-0
dc_od_60min_bike,od/stgode,baseline,0.15728458762168884,1.0411560535430908,1.0840058326721191,99.98873901367188,,,not_replayed,results/od_baselines_od_stgode_dc_od_60min_bike_s2026/20260929T235351.166373Z-1596720-0
nyc_manhattan_od_15min_fhv,od/stgode,baseline,0.3647477328777313,1.0309144258499146,1.0627845525741577,99.95381927490234,,,not_replayed,results/od_baselines_od_stgode_nyc_manhattan_od_15min_fhv_s2026/20260929T235402.121502Z-1596977-0
nyc_manhattan_od_15min_taxi,od/stgode,baseline,0.23850521445274353,0.8518348336219788,0.7256225943565369,99.98931884765625,,,not_replayed,results/od_baselines_od_stgode_nyc_manhattan_od_15min_taxi_s2026/20260929T235557.766086Z-1598708-0
chicago_od_15min_bike,od/stpro,baseline,1.0074354410171509,1.0238996744155884,1.048370599746704,177.42189025878906,,,not_replayed,results/od_baselines_od_stpro_chicago_od_15min_bike_s2026/20260930T005751.119348Z-1670441-0
chicago_od_15min_taxi,od/stpro,baseline,0.03341417387127876,0.5142977237701416,0.2645021677017212,99.99638366699219,,,not_replayed,results/od_baselines_od_stpro_chicago_od_15min_taxi_s2026/20260930T005713.952830Z-1669906-0
chicago_od_15min_tnp,od/stpro,baseline,0.34716978669166565,2.811694860458374,7.905627727508545,97.07386779785156,,,not_replayed,results/od_baselines_od_stpro_chicago_od_15min_tnp_s2026/20260930T014044.915340Z-1735639-0
dc_od_60min_bike,od/stpro,baseline,0.13746315240859985,0.8784618973731995,0.7716952562332153,87.48884582519531,,,not_replayed,results/od_baselines_od_stpro_dc_od_60min_bike_s2026/20260930T014044.932166Z-1735596-0
nyc_manhattan_od_15min_fhv,od/stpro,baseline,0.2885977029800415,0.7137009501457214,0.5093690156936646,71.39419555664062,,,not_replayed,results/od_baselines_od_stpro_nyc_manhattan_od_15min_fhv_s2026/20260930T005307.216315Z-1665747-0
nyc_manhattan_od_15min_taxi,od/stpro,baseline,0.1894330382347107,0.5575656890869141,0.31087952852249146,75.4258041381836,,,not_replayed,results/od_baselines_od_stpro_nyc_manhattan_od_15min_taxi_s2026/20260930T005325.568379Z-1666466-0
chicago_od_15min_bike,od/stzinb,baseline,0.00828801840543747,0.1051313579082489,0.011052602902054787,70.80523681640625,,,not_replayed,results/od_baselines_od_stzinb_chicago_od_15min_bike_s2026/20260930T001504.615264Z-1617353-0
chicago_od_15min_taxi,od/stzinb,baseline,0.022548304870724678,0.19312064349651337,0.03729558363556862,73.11872863769531,,,not_replayed,results/od_baselines_od_stzinb_chicago_od_15min_taxi_s2026/20260930T001220.659891Z-1614697-0
chicago_od_15min_tnp,od/stzinb,baseline,0.22284184396266937,0.7301180958747864,0.5330724120140076,61.57537841796875,,,not_replayed,results/od_baselines_od_stzinb_chicago_od_15min_tnp_s2026/20260930T001154.588702Z-1614222-0
dc_od_60min_bike,od/stzinb,baseline,0.12343969196081161,0.5259921550750732,0.2766677439212799,63.222930908203125,0.1100499104021771,0.0,full_test_replayed,results/od_baselines_od_stzinb_dc_od_60min_bike_s2026/20260930T000759.799429Z-1610595-0
nyc_manhattan_od_15min_fhv,od/stzinb,baseline,0.329393595457077,0.6431921720504761,0.41369619965553284,56.23780059814453,,,not_replayed,results/od_baselines_od_stzinb_nyc_manhattan_od_15min_fhv_s2026/20260930T000837.873651Z-1611089-0
nyc_manhattan_od_15min_taxi,od/stzinb,baseline,0.22929637134075165,0.5248228311538696,0.27543899416923523,59.73584747314453,,,not_replayed,results/od_baselines_od_stzinb_nyc_manhattan_od_15min_taxi_s2026/20260930T001151.966208Z-1614068-0
chicago_od_15min_bike,od/pdr_hurdle,method,0.005324699450284243,0.10090333968400955,0.010181483812630177,75.12308502197266,0.5420119079080324,0.9994112437649482,full_test_replayed,results/od_pdr_hurdle_od_pdr_hurdle_chicago_od_15min_bike_s2026/20260930T052016.045028Z-1691878-0
chicago_od_15min_taxi,od/pdr_hurdle,method,0.015583518892526627,0.18724794685840607,0.0350617915391922,78.65193176269531,0.48793323722118687,0.9989655919420689,full_test_replayed,results/od_pdr_hurdle_od_pdr_hurdle_chicago_od_15min_taxi_s2026/20260930T050814.503881Z-1681028-0
chicago_od_15min_tnp,od/pdr_hurdle,method,0.1724267601966858,0.7109599113464355,0.5054639577865601,71.30997467041016,0.5636435227325669,0.9806760445456464,full_test_replayed,results/od_pdr_hurdle_od_pdr_hurdle_chicago_od_15min_tnp_s2026/20260930T050523.243826Z-1678210-0
dc_od_60min_bike,od/pdr_hurdle,method,0.09098938852548599,0.48120227456092834,0.23155564069747925,68.56826782226562,0.6586493388937381,0.9904426764176409,full_test_replayed,results/od_pdr_hurdle_od_pdr_hurdle_dc_od_60min_bike_s2026/20260930T050523.233099Z-1678209-0
nyc_manhattan_od_15min_fhv,od/pdr_hurdle,method,0.2649870216846466,0.6702005863189697,0.449168860912323,67.12655639648438,0.5983402847392656,0.9496125979010401,full_test_replayed,results/od_pdr_hurdle_od_pdr_hurdle_nyc_manhattan_od_15min_fhv_s2026/20260930T050814.509839Z-1680997-0
nyc_manhattan_od_15min_taxi,od/pdr_hurdle,method,0.17785781621932983,0.545816957950592,0.29791614413261414,71.26368713378906,0.5516434679416895,0.9718900126972737,full_test_replayed,results/od_pdr_hurdle_od_pdr_hurdle_nyc_manhattan_od_15min_taxi_s2026/20260930T050523.247771Z-1678208-0
